first_name,last_name,age,countries,colors,sonic_characters,points
Brennen,Moyer,11,England,Orange,Tails,2998
Marcelo,Madden,11,Jamaica,Red,Knuckles,2992
Marcelo,Bird,20,Russia,Blue,Knuckles,2991
Bruno,Mcclure,16,Russia,Yellow,Tails,2991
Aydin,Bird,15,Belgium,Blue,Tails,2982
Hayden,Howe,22,England,Yellow,Knuckles,2980
Quincy,Chen,11,Belgium,Green,Metal Sonic,2978
Brennen,Moyer,22,Russia,Green,Tails,2975
Eliezer,French,14,England,Yellow,Ray,2971
Brennen,Mcclure,16,England,Yellow,Ray,2964
Marcelo,Mcclure,11,England,Green,Knuckles,2963
Bruno,Bird,13,Belgium,Green,Metal Sonic,2961
Chaim,Mcclure,16,Nigeria,Green,Sonic,2959
Brody,Bird,12,Jamaica,Blue,Metal Sonic,2958
Brody,Bird,21,England,Green,Tails,2957
Khalil,Chen,17,Belgium,Orange,Tails,2954
Jace,Bird,11,Belgium,Orange,Ray,2954
Jaydan,Mcclure,22,Belgium,Yellow,Ray,2945
Jaydan,Hudson,19,Russia,Green,Knuckles,2943
Quincy,Hudson,22,England,Orange,Sonic,2941
Aydin,Reeves,12,England,Blue,Metal Sonic,2932
Emmett,Moyer,13,Nigeria,Orange,Metal Sonic,2932
Khalil,Chen,22,Belgium,Orange,Metal Sonic,2927
Brody,Moyer,11,Russia,Yellow,Tails,2925
Cesar,Chen,20,Jamaica,Red,Tails,2923
Jaydan,Moyer,15,Belgium,Blue,Knuckles,2914
Marcelo,Moyer,24,Belgium,Green,Ray,2911
Emmett,Bird,15,England,Orange,Knuckles,2908
Scott,Moyer,12,Jamaica,Green,Ray,2906
Scott,Moyer,19,Russia,Green,Sonic,2901
Quincy,French,15,Nigeria,Yellow,Ray,2900
Hayden,Bird,18,Belgium,Red,Metal Sonic,2899
Neil,Hudson,22,Nigeria,Green,Metal Sonic,2896
Chaim,Moyer,16,England,Yellow,Ray,2896
Khalil,Bird,15,England,Yellow,Ray,2894
Jace,Waller,14,Russia,Orange,Metal Sonic,2894
Scott,Reeves,15,Jamaica,Orange,Knuckles,2890
Bruno,Waller,24,Nigeria,Green,Knuckles,2890
Khalil,Hudson,21,Jamaica,Blue,Metal Sonic,2890
Brennen,Chen,18,Russia,Blue,Knuckles,2887
Neil,Mcclure,19,England,Blue,Sonic,2887
Brennen,Mcclure,16,Jamaica,Green,Sonic,2887
Jace,Howe,18,England,Blue,Knuckles,2883
Hayden,Howe,24,Russia,Red,Metal Sonic,2881
Brennen,Chen,24,England,Blue,Metal Sonic,2881
Cesar,Howe,16,Jamaica,Blue,Metal Sonic,2880
Marcelo,Waller,14,Belgium,Orange,Metal Sonic,2875
Prince,French,20,Nigeria,Yellow,Sonic,2874
Brody,Reeves,16,Nigeria,Orange,Sonic,2873
Brody,Waller,22,Belgium,Blue,Knuckles,2872
Jaydan,Reeves,24,Jamaica,Blue,Tails,2864
Aydin,Bird,23,Russia,Orange,Sonic,2857
Brody,Moyer,23,Jamaica,Red,Knuckles,2856
Scott,Mcclure,18,Nigeria,Yellow,Tails,2851
Brennen,Howe,24,Jamaica,Orange,Sonic,2846
Neil,Mcclure,23,Russia,Blue,Sonic,2843
Bradley,Bird,17,Russia,Yellow,Sonic,2838
Quincy,Moyer,12,Russia,Yellow,Metal Sonic,2837
Bruno,French,12,Belgium,Yellow,Tails,2837
Marcelo,Reeves,15,Jamaica,Red,Metal Sonic,2832
Prince,Moyer,17,Russia,Red,Ray,2831
Prince,Reeves,18,England,Yellow,Ray,2829
Bradley,Hudson,22,Jamaica,Yellow,Knuckles,2829
Cesar,French,18,Nigeria,Blue,Knuckles,2825
Scott,Mcclure,20,Nigeria,Blue,Ray,2824
Neil,Chen,20,Nigeria,Red,Ray,2821
Brennen,Chen,16,Nigeria,Blue,Ray,2820
Quincy,Bird,22,England,Red,Tails,2812
Scott,Madden,22,England,Blue,Metal Sonic,2807
Bruno,Bird,14,Nigeria,Green,Tails,2803
Bruno,Mcclure,18,Nigeria,Red,Knuckles,2796
Scott,Waller,19,Russia,Green,Metal Sonic,2796
Hayden,Hudson,11,Nigeria,Red,Metal Sonic,2789
Bradley,Bird,14,England,Blue,Ray,2787
Aydin,Moyer,24,Russia,Orange,Ray,2786
Bradley,Waller,23,England,Yellow,Metal Sonic,2784
Brody,French,23,Nigeria,Red,Tails,2784
Neil,Madden,15,England,Yellow,Tails,2783
Prince,Howe,20,Belgium,Blue,Metal Sonic,2774
Chaim,Reeves,11,Jamaica,Orange,Tails,2770
Cesar,Hudson,21,Belgium,Yellow,Ray,2767
Bruno,Madden,15,Belgium,Orange,Metal Sonic,2766
Chaim,Waller,19,Nigeria,Yellow,Ray,2766
Eliezer,Moyer,23,England,Red,Tails,2765
Quincy,Hudson,19,Jamaica,Orange,Knuckles,2763
Brennen,French,23,Jamaica,Red,Sonic,2761
Emmett,Moyer,15,England,Red,Metal Sonic,2759
Marcel,Reeves,16,Russia,Orange,Sonic,2754
Marcel,Bird,21,Jamaica,Red,Tails,2752
Bruno,Moyer,20,Jamaica,Red,Knuckles,2746
Bruno,Mcclure,21,Russia,Blue,Tails,2743
Bradley,Bird,16,Belgium,Orange,Metal Sonic,2740
Hayden,French,13,Nigeria,Yellow,Knuckles,2739
Robert,Reeves,12,Nigeria,Yellow,Ray,2735
Prince,French,23,Jamaica,Orange,Metal Sonic,2732
Aydin,French,11,Belgium,Blue,Metal Sonic,2730
Khalil,Waller,15,Belgium,Blue,Ray,2727
Jace,Mcclure,21,Belgium,Yellow,Ray,2726
Brennen,Mcclure,17,Belgium,Orange,Ray,2724
Emmett,Madden,24,Jamaica,Yellow,Knuckles,2713
Quincy,Mcclure,16,Belgium,Green,Ray,2713
Brennen,French,11,Jamaica,Blue,Sonic,2709
Robert,French,13,Jamaica,Blue,Ray,2701
Marcelo,Madden,18,Nigeria,Green,Tails,2699
Marcelo,Hudson,19,England,Yellow,Knuckles,2698
Scott,Howe,23,Nigeria,Green,Metal Sonic,2698
Robert,Howe,21,Russia,Green,Knuckles,2690
Prince,French,18,England,Blue,Sonic,2688
Emmett,Hudson,16,Belgium,Orange,Ray,2688
Scott,French,15,England,Orange,Metal Sonic,2687
Emmett,French,20,England,Yellow,Tails,2685
Khalil,Howe,18,England,Red,Knuckles,2680
Jaydan,Hudson,19,Belgium,Orange,Tails,2676
Brody,Madden,20,Belgium,Red,Ray,2676
Chaim,Chen,16,England,Red,Metal Sonic,2670
Marcel,Moyer,17,Nigeria,Yellow,Sonic,2667
Khalil,Mcclure,12,England,Blue,Ray,2651
Brody,French,13,England,Green,Metal Sonic,2649
Khalil,French,18,Russia,Orange,Metal Sonic,2645
Brennen,Hudson,15,Belgium,Red,Knuckles,2641
Brody,Waller,24,Russia,Yellow,Metal Sonic,2639
Jaydan,Waller,15,Nigeria,Green,Tails,2636
Eliezer,Bird,13,Jamaica,Red,Sonic,2635
Khalil,Chen,20,Jamaica,Yellow,Sonic,2628
Aydin,Bird,24,Nigeria,Blue,Sonic,2620
Prince,Reeves,16,England,Green,Ray,2619
Marcelo,Madden,20,Russia,Green,Sonic,2616
Brody,Bird,13,Belgium,Blue,Tails,2611
Chaim,Hudson,14,England,Yellow,Metal Sonic,2610
Brody,Mcclure,16,Jamaica,Orange,Knuckles,2604
Robert,Chen,11,Jamaica,Yellow,Ray,2604
Hayden,Hudson,15,Belgium,Yellow,Ray,2602
Khalil,Madden,19,Russia,Blue,Ray,2599
Marcel,Hudson,21,Russia,Green,Ray,2598
Aydin,Hudson,16,England,Green,Sonic,2592
Brody,Reeves,23,England,Red,Knuckles,2587
Brody,Chen,17,Nigeria,Orange,Sonic,2584
Khalil,Hudson,16,England,Yellow,Metal Sonic,2584
Marcelo,Moyer,16,Nigeria,Green,Knuckles,2579
Jaydan,French,22,Jamaica,Blue,Metal Sonic,2578
Jace,Bird,16,Belgium,Blue,Ray,2576
Eliezer,Waller,17,England,Orange,Knuckles,2572
Prince,Moyer,24,Belgium,Orange,Sonic,2570
Hayden,Waller,12,Belgium,Blue,Knuckles,2569
Neil,Reeves,20,Jamaica,Red,Metal Sonic,2565
Neil,Chen,17,Russia,Green,Knuckles,2564
Marcelo,Hudson,21,Nigeria,Orange,Ray,2562
Jace,French,19,England,Orange,Tails,2560
Scott,Reeves,11,Jamaica,Red,Sonic,2560
Prince,Hudson,24,Belgium,Blue,Ray,2558
Khalil,Bird,15,Belgium,Orange,Sonic,2552
Marcelo,Reeves,17,Russia,Orange,Sonic,2551
Cesar,Mcclure,16,England,Green,Metal Sonic,2551
Marcelo,Madden,21,Belgium,Orange,Knuckles,2550
Prince,Hudson,21,Russia,Green,Knuckles,2549
Marcel,Madden,14,Russia,Green,Tails,2549
Eliezer,Bird,14,England,Red,Tails,2545
Hayden,Howe,22,Jamaica,Yellow,Metal Sonic,2539
Marcel,Waller,15,Jamaica,Yellow,Sonic,2530
Emmett,Chen,12,Jamaica,Blue,Metal Sonic,2526
Aydin,Moyer,18,England,Green,Sonic,2526
Eliezer,Reeves,22,Jamaica,Green,Sonic,2524
Bradley,Moyer,13,England,Orange,Tails,2518
Bradley,Bird,15,Belgium,Yellow,Metal Sonic,2510
Jaydan,Moyer,24,Belgium,Yellow,Metal Sonic,2506
Khalil,Howe,11,Jamaica,Blue,Metal Sonic,2504
Eliezer,Chen,21,Russia,Blue,Sonic,2502
Bruno,Hudson,22,Nigeria,Red,Metal Sonic,2495
Neil,Howe,15,England,Red,Knuckles,2491
Cesar,Mcclure,24,Russia,Red,Knuckles,2490
Hayden,Madden,23,Russia,Green,Tails,2490
Quincy,French,14,Russia,Red,Ray,2488
Aydin,Chen,12,Nigeria,Blue,Ray,2485
Brody,Mcclure,21,Belgium,Green,Ray,2481
Neil,Bird,23,Jamaica,Red,Sonic,2477
Chaim,Moyer,17,Russia,Orange,Metal Sonic,2468
Jaydan,Chen,19,Nigeria,Yellow,Metal Sonic,2466
Eliezer,Hudson,23,England,Red,Metal Sonic,2464
Neil,Chen,12,Belgium,Red,Tails,2451
Jaydan,Mcclure,23,England,Yellow,Metal Sonic,2451
Cesar,Moyer,12,Russia,Red,Tails,2449
Marcelo,French,12,Belgium,Blue,Metal Sonic,2448
Scott,Chen,13,Nigeria,Orange,Knuckles,2446
Aydin,Madden,22,Russia,Blue,Ray,2439
Brennen,Hudson,21,Jamaica,Green,Ray,2438
Bruno,French,12,Nigeria,Green,Sonic,2436
Marcelo,Waller,19,Jamaica,Orange,Ray,2434
Bradley,Hudson,18,Belgium,Red,Knuckles,2433
Quincy,Madden,13,England,Blue,Knuckles,2430
Jace,Chen,17,Nigeria,Yellow,Sonic,2424
Scott,Madden,17,Jamaica,Red,Tails,2421
Emmett,Chen,24,Russia,Green,Knuckles,2419
Chaim,Madden,14,Jamaica,Yellow,Sonic,2418
Chaim,Mcclure,13,England,Green,Tails,2418
Hayden,Mcclure,11,Nigeria,Green,Knuckles,2410
Bradley,Bird,12,Russia,Red,Sonic,2408
Khalil,Mcclure,16,Russia,Blue,Knuckles,2405
Brennen,Waller,17,Nigeria,Yellow,Tails,2400
Prince,Chen,16,Jamaica,Green,Sonic,2400
Quincy,Mcclure,16,Nigeria,Green,Sonic,2398
Scott,Bird,14,Russia,Red,Sonic,2398
Neil,Mcclure,24,Belgium,Orange,Metal Sonic,2397
Bruno,Bird,23,Russia,Orange,Ray,2397
Chaim,Waller,12,Russia,Green,Sonic,2378
Aydin,Bird,15,Belgium,Yellow,Sonic,2370
Jace,Waller,20,Belgium,Yellow,Knuckles,2367
Robert,Reeves,18,Jamaica,Yellow,Knuckles,2365
Jaydan,Reeves,24,England,Red,Knuckles,2363
Khalil,Hudson,17,Russia,Green,Sonic,2362
Eliezer,Chen,14,Jamaica,Orange,Tails,2359
Marcel,Waller,22,Russia,Green,Metal Sonic,2354
Scott,Howe,14,Nigeria,Red,Sonic,2352
Hayden,Bird,16,Jamaica,Yellow,Ray,2351
Khalil,Mcclure,16,Russia,Orange,Knuckles,2349
Brody,Waller,11,Nigeria,Orange,Ray,2348
Emmett,Moyer,21,England,Red,Tails,2344
Scott,Madden,23,England,Red,Knuckles,2343
Jace,Mcclure,22,England,Yellow,Tails,2336
Marcel,Howe,15,Nigeria,Blue,Metal Sonic,2335
Jace,Mcclure,12,England,Blue,Tails,2334
Jace,Moyer,23,Russia,Orange,Knuckles,2331
Jaydan,Chen,13,Nigeria,Red,Ray,2323
Brennen,French,11,England,Blue,Knuckles,2321
Brody,Chen,15,Russia,Green,Tails,2320
Hayden,Bird,16,Jamaica,Red,Sonic,2320
Bruno,Mcclure,20,Jamaica,Yellow,Knuckles,2318
Scott,Waller,16,Nigeria,Blue,Ray,2315
Scott,Mcclure,15,Russia,Yellow,Tails,2314
Jaydan,Hudson,11,Jamaica,Red,Tails,2312
Khalil,Moyer,18,Belgium,Red,Sonic,2309
Jaydan,Madden,17,England,Green,Metal Sonic,2309
Jace,Madden,22,Belgium,Green,Knuckles,2303
Scott,Mcclure,14,England,Orange,Metal Sonic,2294
Chaim,Hudson,14,Russia,Orange,Sonic,2293
Quincy,Moyer,18,England,Blue,Knuckles,2291
Cesar,Howe,16,Belgium,Green,Sonic,2288
Khalil,Bird,12,Nigeria,Yellow,Sonic,2286
Khalil,Howe,20,Belgium,Orange,Ray,2284
Aydin,Hudson,17,Belgium,Red,Tails,2280
Brody,Moyer,17,Russia,Blue,Ray,2278
Marcelo,Moyer,19,Jamaica,Blue,Knuckles,2277
Emmett,Reeves,11,Nigeria,Red,Ray,2277
Cesar,Hudson,22,Nigeria,Orange,Metal Sonic,2276
Robert,Chen,12,Nigeria,Orange,Ray,2265
Scott,Mcclure,22,Nigeria,Blue,Sonic,2257
Hayden,Chen,24,Belgium,Orange,Sonic,2256
Robert,Chen,22,Belgium,Red,Sonic,2252
Brennen,Bird,20,Russia,Blue,Tails,2247
Bradley,Hudson,15,Jamaica,Yellow,Sonic,2245
Hayden,Reeves,24,Jamaica,Yellow,Knuckles,2244
Bruno,Waller,22,England,Red,Sonic,2243
Quincy,Madden,12,Belgium,Yellow,Ray,2243
Brennen,Waller,20,England,Blue,Knuckles,2234
Aydin,Hudson,13,Jamaica,Red,Metal Sonic,2230
Quincy,Madden,14,England,Green,Ray,2217
Brennen,Madden,22,Jamaica,Green,Metal Sonic,2215
Bradley,Hudson,14,England,Orange,Tails,2215
Bruno,Howe,20,Belgium,Orange,Metal Sonic,2214
Prince,Reeves,11,Nigeria,Yellow,Ray,2208
Bruno,Hudson,17,Jamaica,Yellow,Tails,2204
Brennen,Mcclure,19,Jamaica,Red,Knuckles,2199
Aydin,Mcclure,23,Nigeria,Green,Ray,2196
Hayden,French,13,England,Yellow,Sonic,2191
Hayden,Bird,13,Jamaica,Orange,Ray,2190
Hayden,Chen,13,Russia,Orange,Sonic,2189
Scott,Howe,18,England,Green,Ray,2182
Eliezer,Mcclure,14,Jamaica,Orange,Sonic,2176
Cesar,Hudson,22,Belgium,Yellow,Metal Sonic,2167
Eliezer,French,20,Nigeria,Red,Sonic,2157
Bruno,Reeves,24,Nigeria,Blue,Sonic,2144
Cesar,Chen,22,England,Orange,Knuckles,2139
Robert,Mcclure,13,Belgium,Green,Knuckles,2136
Brody,Howe,15,Jamaica,Red,Metal Sonic,2136
Jace,Reeves,14,Jamaica,Green,Knuckles,2134
Brennen,Mcclure,11,Jamaica,Red,Sonic,2133
Cesar,Reeves,12,Russia,Yellow,Tails,2131
Brody,Mcclure,20,Nigeria,Blue,Ray,2131
Eliezer,Chen,16,England,Green,Sonic,2130
Brody,Mcclure,12,Nigeria,Yellow,Ray,2125
Neil,Hudson,22,Russia,Orange,Metal Sonic,2124
Aydin,Waller,15,Russia,Orange,Knuckles,2124
Cesar,Madden,14,England,Green,Sonic,2123
Marcelo,Hudson,15,Nigeria,Green,Ray,2123
Neil,Hudson,24,Nigeria,Orange,Ray,2123
Jaydan,Reeves,16,Jamaica,Orange,Tails,2120
Prince,Reeves,13,Russia,Blue,Metal Sonic,2118
Khalil,Chen,16,Nigeria,Orange,Metal Sonic,2118
Cesar,Howe,15,Russia,Yellow,Metal Sonic,2118
Chaim,Waller,23,England,Green,Knuckles,2103
Aydin,Chen,14,Belgium,Blue,Knuckles,2103
Marcel,Bird,16,Jamaica,Yellow,Tails,2094
Hayden,Mcclure,21,Belgium,Red,Ray,2092
Eliezer,Chen,23,England,Orange,Knuckles,2089
Jace,Madden,12,Belgium,Blue,Metal Sonic,2086
Aydin,Mcclure,20,England,Orange,Sonic,2086
Bradley,Reeves,15,Jamaica,Yellow,Ray,2077
Cesar,Madden,13,England,Red,Tails,2074
Cesar,Madden,18,Belgium,Green,Sonic,2072
Jace,Howe,24,Belgium,Orange,Sonic,2068
Eliezer,Reeves,16,Jamaica,Yellow,Ray,2068
Emmett,Reeves,24,Jamaica,Orange,Tails,2067
Neil,Chen,23,Nigeria,Red,Metal Sonic,2065
Prince,Madden,21,Nigeria,Yellow,Tails,2064
Khalil,Howe,17,England,Red,Sonic,2061
Bruno,Howe,24,Belgium,Red,Tails,2060
Marcel,Reeves,17,England,Blue,Sonic,2058
Marcelo,Waller,16,Belgium,Yellow,Metal Sonic,2056
Chaim,Waller,23,England,Red,Metal Sonic,2054
Eliezer,Madden,16,Belgium,Blue,Metal Sonic,2050
Aydin,Moyer,23,Belgium,Orange,Ray,2049
Jaydan,Hudson,17,Jamaica,Yellow,Tails,2045
Robert,Bird,11,Belgium,Yellow,Metal Sonic,2041
Quincy,Hudson,16,Jamaica,Red,Knuckles,2038
Jaydan,Waller,14,England,Green,Tails,2038
Bruno,French,22,England,Green,Knuckles,2038
Brennen,Reeves,22,Jamaica,Yellow,Knuckles,2036
Khalil,Hudson,20,Russia,Orange,Ray,2035
Jaydan,Madden,18,England,Green,Knuckles,2032
Brody,Waller,24,Russia,Green,Sonic,2032
Aydin,Madden,11,England,Red,Tails,2031
Bruno,Madden,20,Nigeria,Red,Ray,2031
Chaim,Hudson,11,Belgium,Orange,Sonic,2025
Eliezer,Howe,13,Russia,Green,Tails,2023
Prince,Hudson,12,Russia,Orange,Sonic,2022
Robert,Waller,19,Jamaica,Blue,Knuckles,2016
Prince,Waller,20,Belgium,Yellow,Sonic,2016
Hayden,Chen,15,England,Yellow,Ray,2014
Aydin,Waller,19,Jamaica,Orange,Knuckles,2009
Khalil,Mcclure,14,Russia,Blue,Metal Sonic,2006
Marcelo,Bird,17,Nigeria,Blue,Metal Sonic,1999
Brennen,Reeves,14,England,Red,Metal Sonic,1992
Eliezer,Hudson,16,Belgium,Blue,Tails,1990
Marcel,Bird,22,Nigeria,Red,Ray,1990
Emmett,Moyer,21,Russia,Yellow,Knuckles,1989
Marcel,Chen,19,Nigeria,Yellow,Sonic,1989
Chaim,Hudson,15,Russia,Green,Metal Sonic,1988
Jace,Mcclure,24,Belgium,Red,Tails,1987
Jace,French,18,Nigeria,Yellow,Metal Sonic,1986
Brennen,Hudson,12,Jamaica,Red,Tails,1986
Jace,Reeves,20,England,Green,Ray,1984
Chaim,Howe,13,England,Green,Knuckles,1980
Scott,Howe,21,Russia,Green,Knuckles,1980
Aydin,Hudson,11,Belgium,Blue,Ray,1966
Jace,Madden,20,Jamaica,Red,Tails,1965
Jaydan,Reeves,16,Belgium,Blue,Tails,1960
Aydin,Mcclure,11,Nigeria,Orange,Tails,1952
Emmett,Bird,24,Belgium,Red,Ray,1951
Prince,Madden,20,Jamaica,Green,Knuckles,1947
Neil,Madden,23,Belgium,Green,Tails,1944
Jace,French,15,Belgium,Yellow,Metal Sonic,1939
Cesar,Reeves,11,Jamaica,Yellow,Metal Sonic,1937
Scott,Howe,16,Jamaica,Blue,Sonic,1926
Eliezer,Chen,14,Nigeria,Blue,Knuckles,1926
Hayden,French,16,England,Yellow,Ray,1923
Cesar,Mcclure,22,Nigeria,Green,Tails,1922
Cesar,Bird,21,Nigeria,Blue,Metal Sonic,1921
Robert,Madden,21,Russia,Yellow,Tails,1920
Khalil,Moyer,14,Jamaica,Blue,Metal Sonic,1918
Hayden,Reeves,23,Nigeria,Yellow,Metal Sonic,1918
Aydin,Bird,12,England,Yellow,Knuckles,1912
Robert,Mcclure,23,Belgium,Blue,Knuckles,1911
Chaim,Moyer,19,Russia,Red,Metal Sonic,1911
Scott,French,20,Belgium,Blue,Ray,1911
Robert,Chen,17,Nigeria,Blue,Knuckles,1910
Scott,Reeves,20,Jamaica,Blue,Tails,1910
Bruno,Madden,22,Belgium,Green,Knuckles,1901
Khalil,Chen,19,Belgium,Red,Knuckles,1897
Prince,Howe,23,Belgium,Blue,Ray,1896
Brody,Howe,12,Nigeria,Red,Sonic,1894
Bruno,Bird,22,Belgium,Blue,Sonic,1892
Jace,Waller,16,England,Red,Metal Sonic,1891
Hayden,Mcclure,11,Jamaica,Red,Metal Sonic,1888
Brennen,Waller,22,Jamaica,Yellow,Knuckles,1884
Prince,Madden,21,Belgium,Yellow,Sonic,1877
Hayden,Mcclure,23,Nigeria,Red,Ray,1871
Eliezer,Howe,12,Belgium,Green,Sonic,1867
Emmett,Hudson,17,Jamaica,Red,Tails,1864
Hayden,Mcclure,11,Russia,Red,Metal Sonic,1863
Marcel,Hudson,17,Jamaica,Orange,Tails,1858
Scott,Howe,18,Jamaica,Green,Ray,1855
Chaim,Chen,14,Belgium,Green,Metal Sonic,1850
Marcelo,Howe,16,Nigeria,Green,Ray,1849
Chaim,Waller,19,Nigeria,Blue,Ray,1849
Jace,Waller,22,England,Green,Knuckles,1847
Chaim,Moyer,18,England,Green,Sonic,1844
Khalil,Moyer,11,Belgium,Red,Ray,1844
Jace,Moyer,15,Russia,Yellow,Knuckles,1838
Jace,Reeves,12,Russia,Red,Knuckles,1837
Eliezer,Hudson,18,Russia,Green,Ray,1835
Prince,Howe,14,Belgium,Green,Knuckles,1834
Neil,Hudson,13,England,Red,Knuckles,1832
Quincy,French,22,Belgium,Green,Ray,1829
Jaydan,Bird,12,Belgium,Blue,Tails,1829
Bruno,Waller,15,Nigeria,Red,Metal Sonic,1829
Emmett,Howe,17,England,Blue,Tails,1826
Chaim,French,14,Belgium,Red,Ray,1822
Chaim,Mcclure,15,Jamaica,Yellow,Tails,1821
Robert,Hudson,20,Nigeria,Blue,Tails,1812
Emmett,Waller,22,Belgium,Red,Ray,1807
Marcel,Reeves,13,Russia,Red,Ray,1806
Jace,Madden,24,Nigeria,Orange,Tails,1803
Quincy,Howe,12,Russia,Orange,Sonic,1802
Jaydan,French,23,Russia,Orange,Tails,1802
Brody,Moyer,18,Belgium,Blue,Ray,1799
Jaydan,Moyer,11,Russia,Yellow,Knuckles,1798
Chaim,Madden,11,Nigeria,Red,Knuckles,1796
Scott,Bird,21,Russia,Yellow,Metal Sonic,1793
Bruno,Reeves,13,Russia,Yellow,Ray,1791
Quincy,Mcclure,18,Jamaica,Red,Ray,1791
Marcelo,Howe,11,Nigeria,Red,Metal Sonic,1789
Neil,Howe,13,Jamaica,Orange,Ray,1779
Marcel,Howe,14,Nigeria,Red,Ray,1776
Brennen,Moyer,17,Belgium,Orange,Tails,1775
Bradley,French,18,Jamaica,Yellow,Knuckles,1772
Emmett,French,21,Russia,Yellow,Tails,1770
Bruno,Reeves,23,Belgium,Blue,Metal Sonic,1769
Neil,Chen,18,Russia,Orange,Metal Sonic,1766
Jace,Waller,14,Belgium,Green,Sonic,1763
Jace,Reeves,16,Russia,Blue,Metal Sonic,1760
Jaydan,Reeves,24,Russia,Orange,Sonic,1759
Bruno,Howe,17,England,Red,Ray,1759
Bruno,Reeves,19,England,Yellow,Tails,1759
Aydin,Howe,20,Russia,Blue,Sonic,1753
Khalil,Reeves,13,England,Blue,Tails,1752
Scott,Bird,15,Nigeria,Orange,Metal Sonic,1750
Quincy,Reeves,12,Belgium,Yellow,Ray,1749
Jaydan,Chen,16,Russia,Orange,Metal Sonic,1742
Bradley,Reeves,11,Nigeria,Orange,Sonic,1736
Khalil,Howe,21,Russia,Green,Metal Sonic,1736
Khalil,Bird,18,Russia,Blue,Ray,1732
Marcel,Moyer,18,Belgium,Orange,Knuckles,1731
Brody,Howe,22,Russia,Red,Tails,1727
Quincy,Mcclure,21,Russia,Red,Ray,1723
Marcel,Reeves,21,Russia,Blue,Ray,1721
Robert,French,15,Nigeria,Blue,Sonic,1719
Neil,Hudson,24,Nigeria,Green,Metal Sonic,1717
Marcelo,Moyer,22,England,Blue,Sonic,1716
Khalil,Madden,17,Jamaica,Green,Ray,1713
Khalil,Bird,23,Russia,Blue,Metal Sonic,1710
Chaim,Hudson,13,Russia,Blue,Tails,1706
Jace,French,15,Jamaica,Yellow,Sonic,1705
Jaydan,French,15,Belgium,Blue,Ray,1704
Robert,Howe,21,Jamaica,Orange,Ray,1703
Bradley,Madden,15,England,Green,Ray,1697
Bruno,Moyer,21,Russia,Orange,Ray,1694
Bradley,French,12,Russia,Yellow,Metal Sonic,1690
Neil,Reeves,19,Russia,Yellow,Ray,1685
Hayden,Moyer,11,Jamaica,Yellow,Metal Sonic,1685
Neil,Mcclure,20,Belgium,Green,Metal Sonic,1681
Scott,Reeves,19,England,Red,Tails,1679
Brennen,Howe,18,Nigeria,Yellow,Knuckles,1677
Khalil,Hudson,22,Nigeria,Blue,Tails,1673
Scott,Hudson,24,Belgium,Red,Tails,1672
Jaydan,Moyer,18,Belgium,Green,Ray,1670
Neil,Howe,11,Russia,Green,Knuckles,1664
Aydin,Chen,11,Jamaica,Blue,Sonic,1664
Hayden,Waller,24,Nigeria,Blue,Tails,1661
Brennen,Madden,12,England,Orange,Tails,1661
Marcelo,Reeves,20,England,Blue,Metal Sonic,1660
Robert,Hudson,13,Nigeria,Orange,Tails,1660
Brennen,Madden,15,Jamaica,Green,Metal Sonic,1658
Robert,Bird,14,Jamaica,Red,Ray,1656
Prince,Mcclure,12,England,Orange,Tails,1656
Neil,Mcclure,11,Russia,Red,Ray,1655
Brennen,Madden,12,Russia,Orange,Knuckles,1654
Bruno,Waller,21,England,Blue,Metal Sonic,1647
Jace,Hudson,16,Nigeria,Blue,Metal Sonic,1646
Emmett,Waller,13,England,Green,Ray,1643
Eliezer,French,20,England,Green,Tails,1642
Jaydan,Moyer,19,Nigeria,Green,Metal Sonic,1640
Aydin,Madden,22,Belgium,Blue,Sonic,1635
Khalil,Howe,20,Belgium,Yellow,Knuckles,1632
Aydin,Chen,12,Russia,Blue,Metal Sonic,1626
Robert,Waller,11,Nigeria,Green,Knuckles,1624
Robert,Waller,20,Jamaica,Red,Tails,1620
Robert,Moyer,15,Belgium,Blue,Metal Sonic,1616
Cesar,Hudson,22,Russia,Orange,Ray,1616
Marcelo,French,11,Jamaica,Yellow,Tails,1615
Bradley,Chen,15,England,Blue,Sonic,1613
Bradley,Moyer,24,Russia,Red,Sonic,1608
Aydin,Mcclure,14,Belgium,Yellow,Tails,1606
Marcelo,Chen,19,Nigeria,Blue,Metal Sonic,1605
Khalil,French,24,Russia,Orange,Ray,1604
Jaydan,Moyer,18,Russia,Green,Tails,1602
Bruno,Madden,13,Russia,Blue,Ray,1599
Prince,Mcclure,13,Russia,Blue,Metal Sonic,1598
Quincy,Chen,16,Jamaica,Orange,Ray,1598
Quincy,Bird,18,England,Yellow,Knuckles,1596
Quincy,Chen,16,Jamaica,Yellow,Knuckles,1592
Marcel,Chen,20,Belgium,Orange,Knuckles,1588
Eliezer,French,15,Jamaica,Red,Ray,1587
Prince,Bird,21,Jamaica,Green,Metal Sonic,1584
Quincy,Reeves,16,Jamaica,Red,Ray,1583
Bruno,Howe,14,Belgium,Orange,Ray,1583
Quincy,Moyer,16,Nigeria,Yellow,Sonic,1583
Chaim,Chen,23,Nigeria,Green,Ray,1580
Bruno,Reeves,21,Russia,Green,Ray,1578
Bruno,Madden,19,Nigeria,Blue,Knuckles,1576
Bradley,Howe,24,Jamaica,Red,Metal Sonic,1574
Neil,Waller,15,Nigeria,Yellow,Tails,1572
Khalil,Howe,17,England,Orange,Metal Sonic,1568
Jace,Mcclure,14,Nigeria,Orange,Metal Sonic,1567
Scott,Howe,15,Nigeria,Green,Knuckles,1547
Quincy,Mcclure,15,England,Yellow,Metal Sonic,1544
Bradley,Moyer,12,Belgium,Green,Ray,1523
Marcelo,Reeves,21,Jamaica,Red,Metal Sonic,1522
Brennen,Waller,14,England,Blue,Sonic,1520
Quincy,Bird,11,Russia,Red,Sonic,1518
Bradley,French,20,Belgium,Red,Knuckles,1515
Quincy,Mcclure,13,Jamaica,Red,Tails,1512
Bruno,Madden,23,England,Orange,Knuckles,1512
Cesar,Moyer,14,Russia,Yellow,Tails,1509
Emmett,Madden,12,Nigeria,Yellow,Ray,1508
Emmett,Waller,24,England,Red,Tails,1504
Emmett,Moyer,12,Belgium,Green,Ray,1499
Marcelo,Mcclure,11,Belgium,Red,Knuckles,1497
Scott,Chen,23,Jamaica,Green,Tails,1497
Bruno,Reeves,22,Russia,Green,Knuckles,1496
Jace,Reeves,13,Russia,Green,Ray,1483
Marcel,Bird,15,Jamaica,Yellow,Sonic,1482
Eliezer,Hudson,20,Belgium,Orange,Sonic,1479
Cesar,Howe,14,Jamaica,Yellow,Ray,1478
Brody,Waller,18,Nigeria,Blue,Tails,1478
Brennen,Howe,15,Russia,Blue,Metal Sonic,1473
Bruno,Mcclure,18,Jamaica,Red,Knuckles,1471
Neil,Chen,15,Russia,Orange,Ray,1466
Hayden,French,13,Belgium,Orange,Metal Sonic,1465
Neil,French,18,Nigeria,Red,Sonic,1463
Eliezer,Madden,23,Russia,Red,Ray,1461
Hayden,Bird,20,Belgium,Orange,Tails,1459
Quincy,Hudson,20,Nigeria,Green,Tails,1456
Brody,Bird,22,Russia,Blue,Metal Sonic,1455
Brennen,Bird,17,Jamaica,Orange,Metal Sonic,1455
Neil,Waller,22,Nigeria,Green,Metal Sonic,1453
Brody,Bird,13,Belgium,Red,Sonic,1447
Robert,Hudson,17,Nigeria,Yellow,Ray,1443
Bradley,Waller,15,Belgium,Red,Metal Sonic,1437
Bruno,French,23,Jamaica,Orange,Tails,1427
Cesar,Bird,24,Nigeria,Green,Knuckles,1418
Emmett,Howe,23,Russia,Orange,Knuckles,1415
Scott,Madden,12,England,Orange,Sonic,1409
Khalil,Madden,20,Jamaica,Yellow,Tails,1408
Robert,Waller,13,Belgium,Red,Sonic,1406
Quincy,Madden,19,Jamaica,Blue,Ray,1395
Brody,Moyer,20,Russia,Green,Ray,1386
Cesar,Madden,23,Russia,Red,Sonic,1384
Khalil,Bird,16,Nigeria,Yellow,Sonic,1381
Brennen,Waller,17,England,Red,Sonic,1381
Robert,Howe,16,Belgium,Orange,Knuckles,1376
Aydin,Chen,20,Russia,Yellow,Sonic,1373
Chaim,Mcclure,20,Nigeria,Green,Tails,1373
Prince,Chen,22,Nigeria,Green,Metal Sonic,1358
Emmett,Bird,20,Russia,Blue,Tails,1358
Cesar,Madden,16,England,Green,Knuckles,1357
Brody,Madden,19,Belgium,Green,Metal Sonic,1355
Eliezer,Moyer,23,Nigeria,Blue,Tails,1353
Hayden,Madden,11,Russia,Red,Tails,1344
Bradley,Waller,24,England,Yellow,Knuckles,1343
Scott,Howe,18,Belgium,Red,Metal Sonic,1338
Jace,Hudson,21,Nigeria,Yellow,Ray,1337
Scott,Reeves,19,Belgium,Green,Metal Sonic,1334
Marcel,Chen,16,Jamaica,Red,Ray,1330
Cesar,Hudson,14,Russia,Yellow,Metal Sonic,1329
Marcel,Hudson,17,Jamaica,Orange,Metal Sonic,1328
Brody,Moyer,22,England,Green,Knuckles,1317
Khalil,Bird,21,Belgium,Green,Tails,1316
Bruno,Bird,20,Belgium,Green,Tails,1316
Aydin,Madden,19,Jamaica,Blue,Knuckles,1315
Brennen,Reeves,11,Nigeria,Orange,Sonic,1314
Eliezer,Waller,20,Russia,Red,Tails,1313
Jaydan,Moyer,11,Belgium,Yellow,Ray,1313
Marcelo,Waller,22,England,Green,Sonic,1299
Emmett,Mcclure,24,Jamaica,Yellow,Metal Sonic,1295
Scott,Hudson,21,Jamaica,Orange,Ray,1294
Prince,Moyer,20,Russia,Green,Sonic,1292
Brody,Reeves,16,Russia,Red,Ray,1292
Brennen,Moyer,12,Belgium,Blue,Ray,1285
Brennen,Reeves,19,Nigeria,Red,Tails,1280
Marcel,Mcclure,20,Russia,Red,Sonic,1276
Jace,Madden,11,Belgium,Red,Sonic,1272
Bradley,Reeves,21,Nigeria,Orange,Metal Sonic,1272
Bruno,French,23,Jamaica,Blue,Metal Sonic,1271
Eliezer,Hudson,19,Belgium,Blue,Ray,1268
Brennen,Howe,13,Jamaica,Blue,Ray,1268
Bradley,Chen,19,Jamaica,Orange,Tails,1260
Jaydan,Mcclure,19,Nigeria,Red,Knuckles,1251
Jace,Waller,24,Jamaica,Green,Metal Sonic,1246
Jaydan,Chen,13,Jamaica,Red,Ray,1244
Quincy,Chen,15,Nigeria,Green,Metal Sonic,1244
Jace,Chen,14,Belgium,Orange,Tails,1242
Marcelo,Mcclure,11,England,Green,Metal Sonic,1241
Jace,Bird,18,Belgium,Yellow,Tails,1238
Marcel,French,11,Nigeria,Blue,Knuckles,1236
Brody,Mcclure,13,Nigeria,Red,Tails,1234
Hayden,Reeves,23,Belgium,Green,Metal Sonic,1232
Brody,Moyer,20,England,Yellow,Metal Sonic,1231
Cesar,Bird,13,Belgium,Blue,Knuckles,1228
Robert,Moyer,13,Nigeria,Yellow,Knuckles,1228
Brennen,Hudson,19,England,Green,Metal Sonic,1227
Brody,Howe,23,Nigeria,Red,Sonic,1227
Bruno,Moyer,20,Jamaica,Blue,Knuckles,1224
Aydin,Hudson,14,Russia,Blue,Ray,1221
Robert,French,23,Russia,Blue,Tails,1220
Bruno,Chen,20,Nigeria,Green,Ray,1212
Jaydan,Chen,22,Russia,Green,Knuckles,1210
Eliezer,Howe,11,England,Blue,Ray,1207
Bruno,Chen,15,Jamaica,Green,Knuckles,1195
Bruno,French,19,England,Orange,Tails,1193
Aydin,Chen,13,Belgium,Orange,Tails,1185
Eliezer,Hudson,21,Russia,Blue,Sonic,1183
Cesar,Chen,15,Nigeria,Blue,Knuckles,1182
Marcelo,Moyer,19,England,Red,Metal Sonic,1180
Marcelo,Hudson,11,Nigeria,Green,Sonic,1179
Bradley,Howe,12,Jamaica,Red,Tails,1178
Brennen,Mcclure,15,Nigeria,Blue,Ray,1177
Robert,Howe,14,Nigeria,Orange,Metal Sonic,1171
Bruno,Howe,11,England,Blue,Tails,1170
Bruno,Moyer,23,England,Orange,Sonic,1167
Aydin,Chen,11,Belgium,Green,Tails,1165
Jace,French,18,England,Red,Metal Sonic,1165
Bradley,Reeves,20,Belgium,Blue,Tails,1165
Cesar,French,13,Russia,Yellow,Ray,1164
Bradley,Chen,21,Belgium,Yellow,Sonic,1163
Eliezer,Hudson,22,Nigeria,Blue,Tails,1162
Neil,Hudson,18,Belgium,Blue,Tails,1162
Jace,Hudson,11,Belgium,Blue,Sonic,1161
Bradley,Hudson,12,England,Blue,Ray,1155
Bruno,French,16,England,Red,Ray,1146
Emmett,Waller,23,Nigeria,Blue,Metal Sonic,1137
Eliezer,Howe,18,Belgium,Blue,Knuckles,1136
Jaydan,Chen,16,Belgium,Red,Tails,1134
Robert,Waller,16,Belgium,Blue,Sonic,1129
Eliezer,Hudson,11,Russia,Green,Sonic,1125
Hayden,Madden,11,Belgium,Green,Knuckles,1123
Marcelo,Bird,12,Russia,Yellow,Sonic,1122
Jace,French,16,Nigeria,Yellow,Sonic,1121
Prince,Waller,16,Russia,Green,Ray,1115
Neil,Reeves,21,Nigeria,Red,Sonic,1111
Quincy,Hudson,13,Jamaica,Yellow,Sonic,1111
Jaydan,Hudson,24,Jamaica,Blue,Sonic,1111
Jaydan,Mcclure,20,England,Blue,Knuckles,1110
Eliezer,Bird,15,Russia,Green,Ray,1109
Robert,Waller,13,Russia,Blue,Ray,1106
Robert,Hudson,14,Russia,Green,Sonic,1102
Bruno,Mcclure,16,Russia,Yellow,Knuckles,1101
Hayden,Howe,23,Russia,Green,Ray,1101
Aydin,Waller,20,England,Red,Tails,1099
Aydin,Bird,13,Nigeria,Orange,Sonic,1099
Marcelo,Moyer,16,Jamaica,Orange,Knuckles,1088
Brennen,Bird,13,England,Red,Ray,1087
Hayden,Waller,24,Nigeria,Red,Knuckles,1084
Bruno,Mcclure,17,Belgium,Green,Ray,1073
Eliezer,Bird,20,Nigeria,Red,Ray,1069
Scott,Hudson,16,Belgium,Orange,Tails,1066
Jaydan,Mcclure,12,Nigeria,Blue,Sonic,1064
Bruno,Moyer,19,Nigeria,Red,Metal Sonic,1064
Marcelo,Chen,11,Nigeria,Red,Metal Sonic,1059
Chaim,Bird,18,Nigeria,Green,Knuckles,1053
Chaim,Reeves,23,Nigeria,Red,Ray,1052
Emmett,Bird,20,England,Blue,Metal Sonic,1051
Marcelo,Waller,14,Nigeria,Orange,Tails,1048
Jace,Bird,22,Jamaica,Yellow,Sonic,1046
Neil,Bird,24,Jamaica,Blue,Tails,1044
Scott,Hudson,24,Nigeria,Green,Sonic,1042
Neil,Madden,17,England,Blue,Metal Sonic,1041
Chaim,Reeves,20,Belgium,Red,Ray,1040
Cesar,French,21,Jamaica,Blue,Ray,1038
Marcelo,Chen,14,England,Red,Metal Sonic,1035
Robert,Madden,21,Nigeria,Green,Ray,1032
Jace,Madden,12,Russia,Blue,Ray,1029
Scott,Madden,14,Nigeria,Yellow,Tails,1022
Bruno,Reeves,22,Jamaica,Orange,Metal Sonic,1017
Brennen,Reeves,21,Nigeria,Red,Knuckles,1016
Cesar,Madden,19,Jamaica,Blue,Metal Sonic,1011
Jaydan,Mcclure,13,England,Orange,Metal Sonic,1001
Jace,Howe,13,Belgium,Orange,Tails,999
Brennen,Mcclure,24,Nigeria,Green,Metal Sonic,998
Eliezer,Howe,18,Russia,Blue,Tails,997
Robert,Madden,19,England,Blue,Metal Sonic,995
Bruno,Madden,23,Jamaica,Blue,Tails,992
Jaydan,French,18,Russia,Red,Knuckles,991
Eliezer,Waller,20,Belgium,Yellow,Metal Sonic,989
Hayden,Bird,15,Belgium,Blue,Sonic,987
Emmett,French,22,England,Orange,Ray,978
Khalil,Chen,20,Nigeria,Yellow,Knuckles,976
Brody,Reeves,20,Jamaica,Yellow,Ray,953
Aydin,French,13,Jamaica,Green,Ray,951
Jace,Bird,24,England,Red,Sonic,948
Quincy,Hudson,14,Jamaica,Blue,Tails,942
Aydin,French,16,England,Yellow,Metal Sonic,939
Aydin,Bird,19,Belgium,Orange,Sonic,930
Eliezer,Waller,16,England,Orange,Sonic,921
Eliezer,Reeves,11,England,Blue,Tails,919
Khalil,Howe,22,Russia,Blue,Metal Sonic,916
Bruno,Howe,18,England,Blue,Knuckles,914
Neil,Chen,16,Belgium,Green,Ray,911
Chaim,Chen,12,Russia,Yellow,Tails,911
Prince,Howe,24,Nigeria,Green,Sonic,905
Cesar,Reeves,22,Russia,Blue,Tails,902
Marcelo,Waller,24,Belgium,Orange,Knuckles,886
Bruno,Hudson,24,Nigeria,Red,Knuckles,885
Bradley,Waller,21,Nigeria,Yellow,Knuckles,884
Jaydan,Madden,11,England,Green,Knuckles,883
Neil,Mcclure,24,Jamaica,Green,Metal Sonic,873
Robert,Hudson,24,Jamaica,Red,Sonic,871
Eliezer,French,16,Jamaica,Green,Metal Sonic,871
Scott,Reeves,24,Jamaica,Orange,Metal Sonic,864
Scott,Reeves,17,Russia,Yellow,Ray,863
Chaim,Moyer,15,Belgium,Blue,Knuckles,862
Marcelo,Mcclure,23,England,Green,Tails,860
Khalil,Reeves,17,England,Orange,Metal Sonic,859
Jace,Mcclure,16,Jamaica,Yellow,Ray,858
Marcel,French,20,England,Yellow,Metal Sonic,856
Jace,Bird,23,Russia,Red,Tails,854
Scott,Bird,18,Jamaica,Red,Metal Sonic,852
Aydin,Madden,13,Belgium,Red,Tails,843
Cesar,Moyer,22,Jamaica,Red,Ray,840
Bradley,Bird,13,England,Green,Knuckles,839
Neil,Madden,11,Nigeria,Red,Sonic,835
Bradley,Hudson,21,England,Yellow,Metal Sonic,834
Emmett,French,14,Jamaica,Green,Ray,825
Neil,Bird,24,Nigeria,Blue,Sonic,823
Jaydan,Moyer,24,Belgium,Orange,Metal Sonic,823
Bradley,Mcclure,23,Jamaica,Orange,Metal Sonic,817
Hayden,Reeves,17,England,Green,Sonic,817
Neil,Reeves,17,England,Green,Ray,815
Brennen,Waller,14,Russia,Blue,Tails,815
Prince,Mcclure,22,Nigeria,Red,Ray,812
Aydin,Moyer,23,England,Orange,Tails,812
Emmett,Madden,16,Belgium,Yellow,Sonic,812
Brody,Mcclure,24,Russia,Green,Sonic,811
Khalil,Chen,15,England,Blue,Ray,811
Robert,Chen,14,Nigeria,Orange,Sonic,808
Jaydan,Bird,16,England,Orange,Knuckles,808
Cesar,Bird,12,Russia,Yellow,Metal Sonic,804
Neil,Waller,22,Nigeria,Yellow,Tails,801
Neil,Bird,20,Russia,Green,Sonic,800
Jaydan,Bird,24,Jamaica,Blue,Knuckles,784
Aydin,Bird,17,England,Yellow,Tails,784
Quincy,Moyer,20,Belgium,Orange,Ray,782
Brody,Hudson,23,England,Orange,Metal Sonic,775
Robert,Reeves,19,Russia,Orange,Metal Sonic,767
Prince,Moyer,16,England,Green,Tails,767
Aydin,Reeves,24,Russia,Orange,Ray,765
Eliezer,Hudson,24,Russia,Orange,Ray,765
Chaim,Reeves,15,England,Blue,Tails,756
Brennen,Reeves,20,Belgium,Blue,Sonic,749
Hayden,Madden,17,Nigeria,Blue,Knuckles,749
Bradley,Bird,17,Jamaica,Blue,Sonic,748
Jace,Bird,21,Nigeria,Orange,Tails,742
Brennen,Waller,21,Belgium,Yellow,Knuckles,738
Eliezer,Chen,12,England,Orange,Sonic,735
Jaydan,Hudson,12,Belgium,Red,Sonic,733
Brody,Bird,11,Russia,Yellow,Ray,727
Marcel,Moyer,12,Russia,Green,Tails,725
Bradley,Bird,20,Russia,Green,Tails,724
Hayden,Chen,21,Jamaica,Green,Tails,724
Neil,Madden,11,Belgium,Blue,Metal Sonic,719
Bruno,Moyer,16,Russia,Orange,Knuckles,718
Cesar,Bird,16,Jamaica,Orange,Metal Sonic,715
Brody,Madden,16,Belgium,Red,Knuckles,713
Khalil,Madden,17,Jamaica,Green,Ray,710
Jaydan,Reeves,16,Jamaica,Blue,Metal Sonic,708
Neil,Bird,21,Russia,Yellow,Tails,703
Aydin,Waller,16,Russia,Yellow,Knuckles,702
Prince,Bird,17,Russia,Green,Metal Sonic,699
Bradley,Bird,21,Jamaica,Blue,Metal Sonic,698
Quincy,Chen,21,England,Blue,Ray,697
Prince,Howe,22,England,Red,Sonic,695
Quincy,Mcclure,22,Belgium,Red,Sonic,695
Emmett,Reeves,20,England,Orange,Knuckles,694
Neil,Hudson,12,Belgium,Green,Knuckles,694
Bradley,Waller,17,Belgium,Orange,Tails,691
Scott,Chen,22,Nigeria,Blue,Tails,690
Eliezer,French,16,England,Green,Tails,688
Khalil,Madden,14,Jamaica,Orange,Tails,686
Emmett,Chen,23,England,Yellow,Sonic,683
Bradley,Madden,22,Russia,Yellow,Knuckles,682
Neil,Chen,21,Belgium,Green,Metal Sonic,680
Jace,Moyer,20,Nigeria,Red,Metal Sonic,680
Jaydan,French,15,Russia,Yellow,Knuckles,674
Jaydan,Chen,21,Belgium,Blue,Metal Sonic,672
Chaim,Bird,22,Belgium,Orange,Sonic,668
Prince,Reeves,18,Russia,Orange,Ray,666
Scott,Howe,14,Russia,Blue,Sonic,665
Aydin,Chen,23,England,Red,Metal Sonic,662
Emmett,Mcclure,16,Jamaica,Green,Knuckles,658
Bradley,Moyer,24,Jamaica,Green,Sonic,655
Hayden,Mcclure,19,Russia,Yellow,Knuckles,655
Brennen,Reeves,20,Jamaica,Orange,Tails,647
Chaim,Moyer,16,Nigeria,Orange,Tails,646
Bradley,Moyer,20,Russia,Red,Tails,645
Quincy,Howe,14,Nigeria,Blue,Ray,643
Eliezer,Hudson,13,England,Red,Ray,638
Bradley,Madden,12,Nigeria,Blue,Knuckles,636
Khalil,Hudson,13,Jamaica,Red,Tails,635
Brennen,Bird,14,Russia,Yellow,Metal Sonic,633
Bradley,Chen,20,Russia,Orange,Metal Sonic,628
Khalil,Waller,19,Nigeria,Yellow,Sonic,621
Marcelo,Reeves,21,England,Blue,Knuckles,610
Bruno,Chen,17,England,Red,Sonic,609
Scott,French,21,Nigeria,Red,Ray,604
Quincy,Madden,19,Jamaica,Green,Metal Sonic,601
Quincy,Hudson,12,Belgium,Blue,Knuckles,594
Emmett,Reeves,18,Nigeria,Red,Sonic,593
Chaim,Madden,18,Belgium,Blue,Knuckles,593
Aydin,Mcclure,17,England,Red,Ray,589
Jaydan,Mcclure,21,Belgium,Orange,Metal Sonic,589
Quincy,Hudson,19,Russia,Green,Tails,588
Quincy,Bird,12,England,Yellow,Tails,587
Brody,Madden,16,Russia,Blue,Sonic,582
Bruno,Waller,24,Russia,Red,Tails,579
Eliezer,Bird,19,England,Red,Ray,570
Brennen,French,23,Belgium,Blue,Metal Sonic,567
Jace,Mcclure,22,England,Blue,Knuckles,565
Eliezer,Mcclure,23,Belgium,Green,Knuckles,564
Chaim,Howe,15,Russia,Yellow,Ray,564
Cesar,French,21,England,Red,Tails,564
Scott,Mcclure,23,Nigeria,Red,Tails,561
Scott,Bird,15,England,Red,Sonic,557
Brennen,Moyer,13,Jamaica,Yellow,Sonic,555
Neil,Waller,13,Jamaica,Red,Ray,555
Bradley,Moyer,15,England,Yellow,Tails,554
Emmett,Madden,19,England,Blue,Ray,553
Emmett,Waller,18,Russia,Green,Sonic,552
Aydin,French,11,Belgium,Orange,Metal Sonic,548
Bruno,Moyer,21,Nigeria,Red,Ray,542
Quincy,Moyer,23,England,Green,Tails,540
Khalil,Madden,13,Nigeria,Blue,Sonic,540
Jace,French,18,England,Red,Metal Sonic,522
Quincy,Mcclure,21,Belgium,Orange,Tails,521
Robert,Madden,22,Jamaica,Yellow,Tails,520
Brody,Mcclure,22,Russia,Orange,Knuckles,518
Brennen,Waller,11,Belgium,Yellow,Metal Sonic,515
Khalil,Reeves,23,Nigeria,Orange,Knuckles,508
Chaim,Chen,19,Belgium,Green,Metal Sonic,508
Jaydan,Moyer,20,Russia,Orange,Metal Sonic,508
Emmett,Bird,18,Belgium,Yellow,Metal Sonic,505
Khalil,Madden,15,England,Red,Sonic,502
Robert,Waller,24,Russia,Yellow,Sonic,502
Cesar,Waller,14,Nigeria,Red,Tails,502
Bruno,Madden,17,Russia,Orange,Metal Sonic,498
Jace,Mcclure,12,Jamaica,Red,Sonic,497
Chaim,Reeves,15,Russia,Orange,Tails,496
Brennen,Madden,21,Belgium,Blue,Knuckles,495
Marcelo,Mcclure,13,Nigeria,Red,Tails,495
Hayden,French,23,Russia,Green,Tails,494
Quincy,French,21,Jamaica,Blue,Metal Sonic,492
Cesar,Chen,23,Nigeria,Green,Sonic,490
Aydin,Moyer,19,Russia,Green,Knuckles,489
Eliezer,Hudson,13,Russia,Yellow,Tails,488
Jace,Madden,19,Nigeria,Red,Tails,484
Jace,Mcclure,11,Russia,Green,Knuckles,480
Jaydan,Reeves,23,England,Red,Metal Sonic,476
Prince,Mcclure,12,Jamaica,Orange,Knuckles,474
Marcelo,Madden,20,England,Yellow,Ray,473
Jace,Chen,13,Nigeria,Yellow,Tails,472
Marcelo,Howe,18,Belgium,Yellow,Tails,468
Prince,Howe,16,Russia,Green,Knuckles,467
Brody,Chen,13,Jamaica,Orange,Knuckles,464
Cesar,Hudson,17,Russia,Red,Tails,461
Emmett,French,24,Belgium,Yellow,Sonic,460
Brennen,Bird,23,England,Orange,Ray,458
Jaydan,Reeves,21,Belgium,Blue,Metal Sonic,455
Aydin,Moyer,13,Russia,Blue,Tails,451
Scott,French,17,England,Orange,Ray,450
Khalil,Howe,13,Nigeria,Red,Knuckles,447
Bruno,French,19,Nigeria,Orange,Metal Sonic,444
Quincy,Moyer,11,Nigeria,Green,Tails,439
Brennen,Mcclure,16,Jamaica,Orange,Knuckles,439
Marcelo,Moyer,23,Nigeria,Red,Ray,438
Robert,Reeves,11,Russia,Red,Ray,435
Jaydan,Hudson,14,England,Green,Metal Sonic,432
Bruno,Chen,24,Belgium,Yellow,Metal Sonic,425
Robert,Waller,22,Jamaica,Blue,Knuckles,417
Hayden,Waller,16,Belgium,Orange,Sonic,414
Hayden,Mcclure,21,Jamaica,Yellow,Knuckles,411
Jaydan,Chen,22,Jamaica,Blue,Metal Sonic,402
Bruno,Mcclure,17,Russia,Red,Metal Sonic,395
Aydin,Bird,16,England,Orange,Metal Sonic,394
Neil,French,22,Jamaica,Yellow,Ray,388
Bradley,Reeves,24,England,Red,Tails,387
Jaydan,Hudson,21,England,Blue,Tails,385
Khalil,Waller,14,Russia,Yellow,Metal Sonic,385
Khalil,Chen,17,Russia,Green,Ray,383
Marcel,Howe,12,Russia,Yellow,Metal Sonic,381
Hayden,Moyer,23,Russia,Orange,Knuckles,375
Khalil,Chen,17,Jamaica,Blue,Tails,369
Khalil,Hudson,14,Belgium,Orange,Knuckles,369
Neil,Howe,18,Russia,Red,Metal Sonic,368
Emmett,Reeves,22,England,Blue,Knuckles,367
Aydin,Reeves,20,England,Yellow,Tails,367
Cesar,Chen,13,Nigeria,Green,Knuckles,362
Jaydan,Chen,16,Belgium,Yellow,Tails,354
Emmett,Howe,13,Jamaica,Yellow,Knuckles,350
Brody,Mcclure,21,Jamaica,Yellow,Ray,341
Brennen,Chen,15,England,Green,Sonic,339
Hayden,Chen,12,Belgium,Red,Metal Sonic,337
Bradley,Chen,20,England,Red,Metal Sonic,328
Brody,Moyer,11,Nigeria,Yellow,Sonic,325
Prince,Madden,15,Belgium,Orange,Ray,311
Brennen,Madden,16,Belgium,Green,Tails,308
Jace,Waller,15,Russia,Green,Metal Sonic,308
Chaim,Hudson,12,Belgium,Orange,Metal Sonic,301
Jaydan,Mcclure,18,England,Red,Ray,296
Jaydan,Moyer,23,Jamaica,Orange,Metal Sonic,294
Aydin,Reeves,13,England,Green,Ray,292
Marcelo,Howe,12,Jamaica,Blue,Metal Sonic,285
Jaydan,Mcclure,21,Nigeria,Blue,Ray,284
Prince,Waller,24,England,Blue,Ray,282
Jace,Moyer,16,Russia,Green,Metal Sonic,266
Bradley,Moyer,18,Jamaica,Green,Ray,263
Robert,Madden,20,England,Yellow,Ray,262
Brody,Bird,12,Nigeria,Red,Tails,258
Hayden,Reeves,15,Belgium,Green,Ray,252
Robert,Reeves,20,England,Green,Ray,249
Prince,Reeves,17,England,Blue,Sonic,249
Marcel,Chen,12,Belgium,Yellow,Metal Sonic,248
Quincy,French,11,England,Red,Sonic,248
Jace,Reeves,19,Jamaica,Blue,Tails,247
Chaim,Moyer,21,Nigeria,Green,Ray,245
Bradley,Hudson,12,Russia,Blue,Tails,244
Jaydan,Howe,20,Jamaica,Green,Knuckles,243
Brennen,Moyer,21,England,Green,Tails,243
Khalil,Mcclure,21,Belgium,Red,Knuckles,241
Emmett,Howe,21,England,Red,Sonic,237
Prince,Reeves,19,Belgium,Orange,Knuckles,236
Brody,Hudson,11,Jamaica,Green,Sonic,233
Eliezer,Mcclure,24,Belgium,Green,Sonic,233
Khalil,Waller,17,England,Blue,Tails,230
Brody,Bird,24,Jamaica,Green,Knuckles,230
Emmett,Howe,19,Jamaica,Orange,Tails,229
Scott,Howe,23,Jamaica,Yellow,Tails,229
Chaim,Mcclure,19,Russia,Red,Knuckles,227
Scott,Chen,14,Belgium,Yellow,Tails,222
Brennen,Moyer,18,England,Green,Sonic,220
Bradley,Bird,24,Nigeria,Yellow,Tails,220
Cesar,Hudson,17,Russia,Blue,Tails,218
Aydin,Hudson,19,Nigeria,Orange,Ray,213
Marcelo,Waller,11,Jamaica,Yellow,Ray,210
Khalil,Hudson,17,Nigeria,Red,Sonic,208
Hayden,Hudson,11,Jamaica,Yellow,Metal Sonic,203
Marcelo,Moyer,16,Belgium,Orange,Ray,196
Bruno,Waller,20,Nigeria,Red,Tails,195
Neil,Reeves,13,Belgium,Blue,Tails,192
Jaydan,Bird,16,Jamaica,Yellow,Knuckles,189
Marcel,Hudson,21,England,Blue,Metal Sonic,179
Eliezer,Reeves,22,England,Green,Metal Sonic,170
Quincy,Chen,18,Jamaica,Orange,Sonic,167
Bruno,Reeves,23,Belgium,Red,Tails,166
Emmett,Reeves,20,Belgium,Red,Ray,160
Marcel,Bird,21,England,Green,Tails,146
Marcel,Madden,15,England,Red,Sonic,139
Chaim,French,18,Russia,Green,Ray,139
Bradley,Chen,11,Nigeria,Red,Tails,132
Eliezer,Howe,19,England,Green,Ray,129
Cesar,French,24,Nigeria,Orange,Metal Sonic,127
Robert,Mcclure,15,Belgium,Red,Sonic,127
Eliezer,Hudson,19,Jamaica,Orange,Ray,126
Chaim,Moyer,13,Jamaica,Orange,Knuckles,123
Bradley,Madden,16,England,Orange,Knuckles,121
Neil,Reeves,22,Jamaica,Green,Tails,119
Scott,Reeves,17,England,Yellow,Ray,119
Aydin,Reeves,23,England,Green,Tails,112
Khalil,Waller,19,Belgium,Blue,Sonic,112
Scott,Madden,22,Belgium,Green,Metal Sonic,111
Jace,Mcclure,14,Jamaica,Yellow,Sonic,109
Chaim,Chen,12,Jamaica,Red,Tails,105
Brennen,Mcclure,17,Belgium,Green,Metal Sonic,101
Prince,Moyer,23,Belgium,Orange,Knuckles,98
Hayden,Bird,21,Russia,Red,Tails,95
Cesar,Bird,15,Russia,Orange,Tails,91
Eliezer,Mcclure,12,Russia,Orange,Metal Sonic,77
Aydin,Madden,14,Belgium,Yellow,Ray,77
Eliezer,Howe,14,Belgium,Yellow,Sonic,77
Marcel,Hudson,19,Belgium,Red,Metal Sonic,69
Jaydan,Bird,18,Belgium,Red,Metal Sonic,64
Eliezer,Howe,15,Jamaica,Red,Sonic,61
Bruno,Waller,15,Jamaica,Red,Metal Sonic,59
Brody,Hudson,17,Russia,Yellow,Knuckles,58
Bruno,Moyer,15,Belgium,Red,Ray,52
Jaydan,Howe,19,Belgium,Blue,Tails,51
Robert,Moyer,12,Russia,Green,Tails,50
Emmett,Howe,21,Jamaica,Blue,Tails,49
Brennen,French,23,Jamaica,Blue,Sonic,44
Bruno,Waller,12,Jamaica,Yellow,Metal Sonic,44
Neil,Hudson,14,Nigeria,Red,Metal Sonic,44
Bradley,French,23,Nigeria,Green,Metal Sonic,43
Neil,Madden,16,Jamaica,Blue,Tails,40
Aydin,French,16,England,Orange,Metal Sonic,32
Scott,Reeves,14,Nigeria,Green,Sonic,31
Scott,Howe,14,Jamaica,Green,Knuckles,22
Emmett,Hudson,17,Belgium,Orange,Tails,14
Aydin,Howe,21,Jamaica,Blue,Knuckles,14
Hayden,Reeves,15,Belgium,Orange,Ray,12
Quincy,Hudson,20,Nigeria,Green,Knuckles,10
Khalil,Bird,17,England,Blue,Sonic,7
Prince,Howe,11,Jamaica,Orange,Ray,4
Quincy,Howe,23,Jamaica,Blue,Knuckles,0
